Company,First-Seen Timestamp (ISO),Tier
Amazon,2025-09-04
Tesla,2025-09-04
Microsoft,2025-09-04
Walmart,2025-09-04
IBM,2025-09-04
Cisco,2025-09-04
Oracle,2025-09-04
HPE,2025-09-04
Meta,2025-09-04
Google,2025-09-04
KPMG,2025-09-04
Sanofi,2025-09-04
State Street,2025-09-04
Boston Consulting Group,2025-09-04
Wayfair,2025-09-04
Fidelity,2025-09-04
Visa,2025-09-04
CVS Health,2025-09-04
JPMorgan Chase,2025-09-04
Dell Technologies,2025-09-04
Intel,2025-09-04
Salesforce,2025-09-04
Adobe,2025-09-04
PayPal,2025-09-04
Accenture,2025-09-04
American Express,2025-09-04
Capital One,2025-09-04
Bank of America,2025-09-04
Cigna,2025-09-04
Citigroup,2025-09-04
Cognizant,2025-09-04
Comcast,2025-09-04
Deloitte,2025-09-04
Dropbox,2025-09-04
eBay,2025-09-04
EY,2025-09-04
Expedia Group,2025-09-04
Goldman Sachs,2025-09-04
Honeywell,2025-09-04
HP Inc.,2025-09-04
Johnson & Johnson,2025-09-04
Mastercard,2025-09-04
McKinsey & Company,2025-09-04
Morgan Stanley,2025-09-04
Netflix,2025-09-04
NVIDIA,2025-09-04
PepsiCo,2025-09-04
Pfizer,2025-09-04
P&G,2025-09-04
PwC,2025-09-04
Qualcomm,2025-09-04
ServiceNow,2025-09-04
Snowflake,2025-09-04
Spotify,2025-09-04
Square (Block),2025-09-04
T-Mobile,2025-09-04
Target,2025-09-04
Uber,2025-09-04
UnitedHealth Group,2025-09-04
UPS,2025-09-04
Verizon,2025-09-04
VMware,2025-09-04
Warner Bros Discovery,2025-09-04
Workday, Inc.,2025-09-04
Zillow,2025-09-04
Zoom,2025-09-04
AbbVie,2025-09-04
Amgen,2025-09-04
Eli Lilly,2025-09-04
Merck,2025-09-04
Intuit,2025-09-04
BlackRock,2025-09-04
Databricks,2025-09-04
Palantir,2025-09-04
Robinhood,2025-09-04
Workday, Inc.,2025-09-04
Workday, Inc.,2025-09-04
Workday, Inc.,2025-09-04
Workday, Inc.,2025-09-04
Workday, Inc.,2025-09-04
Workday, Inc.,2025-09-04
Workday, Inc.,2025-09-04
Workday, Inc.,2025-09-04
Workday, Inc.,2025-09-04
Workday, Inc.,2025-09-04
Workday, Inc.,2025-09-04
Workday, Inc.,2025-09-05
Workday, Inc.,2025-09-05
Workday, Inc.,2025-09-05
Workday, Inc.,2025-09-05
Workday, Inc.,2025-09-05
Workday, Inc.,2025-09-05
Workday, Inc.,2025-09-05
Workday, Inc.,2025-09-05
Workday, Inc.,2025-09-05
Workday, Inc.,2025-09-05
Workday, Inc.,2025-09-05
Workday, Inc.,2025-09-05
Workday, Inc.,2025-09-05
Workday, Inc.,2025-09-05
Workday, Inc.,2025-09-05
Workday, Inc.,2025-09-05
Workday, Inc.,2025-09-05
Workday, Inc.,2025-09-05
Workday, Inc.,2025-09-05
Workday, Inc.,2025-09-05
Workday, Inc.,2025-09-05
Workday, Inc.,2025-09-05
Workday, Inc.,2025-09-05
Workday, Inc.,2025-09-06
Workday, Inc.,2025-09-06
Workday, Inc.,2025-09-06
Workday, Inc.,2025-09-06
Workday, Inc.,2025-09-06
Workday, Inc.,2025-09-06
Workday, Inc.,2025-09-06
Workday, Inc.,2025-09-06
Workday, Inc.,2025-09-06
Workday, Inc.,2025-09-06
Workday, Inc.,2025-09-06
Workday, Inc.,2025-09-06
Workday, Inc.,2025-09-06
Workday, Inc.,2025-09-06
Workday, Inc.,2025-09-06
Workday, Inc.,2025-09-06
Workday, Inc.,2025-09-06
Workday, Inc.,2025-09-06
Workday, Inc.,2025-09-06
Workday, Inc.,2025-09-06
Workday, Inc.,2025-09-06
Workday, Inc.,2025-09-06
Workday, Inc.,2025-09-06
Workday, Inc.,2025-09-07
Workday, Inc.,2025-09-07
Workday, Inc.,2025-09-07
Workday, Inc.,2025-09-07
Workday, Inc.,2025-09-07
Workday, Inc.,2025-09-07
Workday, Inc.,2025-09-07
Workday, Inc.,2025-09-07
Workday, Inc.,2025-09-07
Workday, Inc.,2025-09-07
Workday, Inc.,2025-09-07
Workday, Inc.,2025-09-07
Workday, Inc.,2025-09-07
Workday, Inc.,2025-09-07
Workday, Inc.,2025-09-07
Workday, Inc.,2025-09-07
Workday, Inc.,2025-09-07
Workday, Inc.,2025-09-07
Workday, Inc.,2025-09-07
Workday, Inc.,2025-09-07
Workday, Inc.,2025-09-07
Workday, Inc.,2025-09-07
Workday, Inc.,2025-09-07
Workday, Inc.,2025-09-08
Workday, Inc.,2025-09-08
Workday, Inc.,2025-09-08
Workday, Inc.,2025-09-08
Workday, Inc.,2025-09-08
Workday, Inc.,2025-09-08
Workday, Inc.,2025-09-08
Workday, Inc.,2025-09-08
Workday, Inc.,2025-09-08
Workday, Inc.,2025-09-08
Workday, Inc.,2025-09-08
Workday, Inc.,2025-09-08
Workday, Inc.,2025-09-08
Workday, Inc.,2025-09-08
Workday, Inc.,2025-09-08
Workday, Inc.,2025-09-08
Workday, Inc.,2025-09-08
Workday, Inc.,2025-09-08
Workday, Inc.,2025-09-08
Workday, Inc.,2025-09-08
Workday, Inc.,2025-09-08
Workday, Inc.,2025-09-08
Workday, Inc.,2025-09-09
Workday, Inc.,2025-09-09
Workday, Inc.,2025-09-09
Workday, Inc.,2025-09-09
Workday, Inc.,2025-09-09
Workday, Inc.,2025-09-09
Workday, Inc.,2025-09-09
Workday, Inc.,2025-09-09
Workday, Inc.,2025-09-09
Workday, Inc.,2025-09-09
Workday, Inc.,2025-09-09
Workday, Inc.,2025-09-09
Workday, Inc.,2025-09-09
Workday, Inc.,2025-09-09
Workday, Inc.,2025-09-09
Workday, Inc.,2025-09-09
Workday, Inc.,2025-09-09
Workday, Inc.,2025-09-09
Workday, Inc.,2025-09-09
Workday, Inc.,2025-09-09
Workday, Inc.,2025-09-09
Workday, Inc.,2025-09-09
Workday, Inc.,2025-09-09
Workday, Inc.,2025-09-10
Workday, Inc.,2025-09-10
Workday, Inc.,2025-09-10
Workday, Inc.,2025-09-10
Workday, Inc.,2025-09-10
Workday, Inc.,2025-09-10
Workday, Inc.,2025-09-10
Workday, Inc.,2025-09-10
Workday, Inc.,2025-09-10
Workday, Inc.,2025-09-10
Workday, Inc.,2025-09-10
Workday, Inc.,2025-09-10
Workday, Inc.,2025-09-10
Workday, Inc.,2025-09-10
Workday, Inc.,2025-09-10
Workday, Inc.,2025-09-10
Workday, Inc.,2025-09-10
Workday, Inc.,2025-09-10
Workday, Inc.,2025-09-10
Workday, Inc.,2025-09-10
Workday, Inc.,2025-09-10
Workday, Inc.,2025-09-10
Workday, Inc.,2025-09-10
Workday, Inc.,2025-09-11
Workday, Inc.,2025-09-11
Workday, Inc.,2025-09-11
Workday, Inc.,2025-09-11
Workday, Inc.,2025-09-11
Workday, Inc.,2025-09-11
Workday, Inc.,2025-09-11
Workday, Inc.,2025-09-11
Workday, Inc.,2025-09-11
Workday, Inc.,2025-09-11
Workday, Inc.,2025-09-11
Workday, Inc.,2025-09-11
Workday, Inc.,2025-09-11
Workday, Inc.,2025-09-11
Workday, Inc.,2025-09-11
Workday, Inc.,2025-09-11
Workday, Inc.,2025-09-11
Workday, Inc.,2025-09-11
Workday, Inc.,2025-09-11
Workday, Inc.,2025-09-11
Workday, Inc.,2025-09-11
Workday, Inc.,2025-09-11
Workday, Inc.,2025-09-11
Workday, Inc.,2025-09-12
Workday, Inc.,2025-09-12
Workday, Inc.,2025-09-12
Workday, Inc.,2025-09-12
Workday, Inc.,2025-09-12
Workday, Inc.,2025-09-12
Workday, Inc.,2025-09-12
Workday, Inc.,2025-09-12
Workday, Inc.,2025-09-12
Workday, Inc.,2025-09-12
Workday, Inc.,2025-09-12
Workday, Inc.,2025-09-12
Workday, Inc.,2025-09-12
Workday, Inc.,2025-09-12
Workday, Inc.,2025-09-12
Workday, Inc.,2025-09-12
Workday, Inc.,2025-09-12
Workday, Inc.,2025-09-12
Workday, Inc.,2025-09-12
Workday, Inc.,2025-09-12
Workday, Inc.,2025-09-12
Workday, Inc.,2025-09-12
Workday, Inc.,2025-09-12
Workday, Inc.,2025-09-13
Workday, Inc.,2025-09-13
Workday, Inc.,2025-09-13
Workday, Inc.,2025-09-13
Workday, Inc.,2025-09-13
Workday, Inc.,2025-09-13
Workday, Inc.,2025-09-13
Workday, Inc.,2025-09-13
Workday, Inc.,2025-09-13
Workday, Inc.,2025-09-13
Workday, Inc.,2025-09-13
Workday, Inc.,2025-09-13
Workday, Inc.,2025-09-13
Workday, Inc.,2025-09-13
Workday, Inc.,2025-09-13
Workday, Inc.,2025-09-13
Workday, Inc.,2025-09-13
Workday, Inc.,2025-09-13
Workday, Inc.,2025-09-13
Workday, Inc.,2025-09-13
Workday, Inc.,2025-09-13
Workday, Inc.,2025-09-13
Workday, Inc.,2025-09-13
Workday, Inc.,2025-09-14
Workday, Inc.,2025-09-14
Workday, Inc.,2025-09-14
Workday, Inc.,2025-09-14
Workday, Inc.,2025-09-14
Workday, Inc.,2025-09-14
Workday, Inc.,2025-09-14
Workday, Inc.,2025-09-14
Workday, Inc.,2025-09-14
Workday, Inc.,2025-09-14
Workday, Inc.,2025-09-14
Workday, Inc.,2025-09-14
Workday, Inc.,2025-09-14
Workday, Inc.,2025-09-14
Workday, Inc.,2025-09-14
Workday, Inc.,2025-09-14
Workday, Inc.,2025-09-14
Workday, Inc.,2025-09-14
Workday, Inc.,2025-09-14
Workday, Inc.,2025-09-14
Workday, Inc.,2025-09-14
Workday, Inc.,2025-09-14
Workday, Inc.,2025-09-14
Workday, Inc.,2025-09-15
Workday, Inc.,2025-09-15
Workday, Inc.,2025-09-15
Workday, Inc.,2025-09-15
Workday, Inc.,2025-09-15
Workday, Inc.,2025-09-15
Workday, Inc.,2025-09-15
Workday, Inc.,2025-09-15
Workday, Inc.,2025-09-15
Workday, Inc.,2025-09-15
Workday, Inc.,2025-09-15
Workday, Inc.,2025-09-15
Workday, Inc.,2025-09-15
Workday, Inc.,2025-09-15
Workday, Inc.,2025-09-15
Workday, Inc.,2025-09-15
Workday, Inc.,2025-09-15
Workday, Inc.,2025-09-15
Workday, Inc.,2025-09-15
Workday, Inc.,2025-09-15
Workday, Inc.,2025-09-15
Workday, Inc.,2025-09-15
Workday, Inc.,2025-09-16
Workday, Inc.,2025-09-16
Workday, Inc.,2025-09-16
Workday, Inc.,2025-09-16
Workday, Inc.,2025-09-16
Workday, Inc.,2025-09-16
Workday, Inc.,2025-09-16
Workday, Inc.,2025-09-16
Workday, Inc.,2025-09-16
Workday, Inc.,2025-09-16
Workday, Inc.,2025-09-16
Workday, Inc.,2025-09-16
Workday, Inc.,2025-09-16
Workday, Inc.,2025-09-16
Workday, Inc.,2025-09-16
Workday, Inc.,2025-09-16
Workday, Inc.,2025-09-16
Workday, Inc.,2025-09-16
Workday, Inc.,2025-09-16
Workday, Inc.,2025-09-16
Workday, Inc.,2025-09-16
Workday, Inc.,2025-09-16
Workday, Inc.,2025-09-16
Workday, Inc.,2025-09-17
Workday, Inc.,2025-09-17
Workday, Inc.,2025-09-17
Workday, Inc.,2025-09-17
Workday, Inc.,2025-09-17
Workday, Inc.,2025-09-17
Workday, Inc.,2025-09-17
Workday, Inc.,2025-09-17
Workday, Inc.,2025-09-17
Workday, Inc.,2025-09-17
Workday, Inc.,2025-09-17
Workday, Inc.,2025-09-17
Workday, Inc.,2025-09-17
Workday, Inc.,2025-09-17
Workday, Inc.,2025-09-17
Workday, Inc.,2025-09-17
Workday, Inc.,2025-09-17
Workday, Inc.,2025-09-17
Workday, Inc.,2025-09-17
Workday, Inc.,2025-09-17
Workday, Inc.,2025-09-17
Workday, Inc.,2025-09-17
Workday, Inc.,2025-09-17
Workday, Inc.,2025-09-18
Workday, Inc.,2025-09-18
Workday, Inc.,2025-09-18
Workday, Inc.,2025-09-18
Workday, Inc.,2025-09-18
Workday, Inc.,2025-09-18
Workday, Inc.,2025-09-18
Workday, Inc.,2025-09-18
Workday, Inc.,2025-09-18
Workday, Inc.,2025-09-18
Workday, Inc.,2025-09-18
Workday, Inc.,2025-09-18
Workday, Inc.,2025-09-18
Workday, Inc.,2025-09-18
Workday, Inc.,2025-09-18
Workday, Inc.,2025-09-18
Workday, Inc.,2025-09-18
Workday, Inc.,2025-09-18
Workday, Inc.,2025-09-18
Workday, Inc.,2025-09-18
Workday, Inc.,2025-09-18
Workday, Inc.,2025-09-18
Workday, Inc.,2025-09-18
Workday, Inc.,2025-09-19
Workday, Inc.,2025-09-19
Workday, Inc.,2025-09-19
Workday, Inc.,2025-09-19
Workday, Inc.,2025-09-19
Workday, Inc.,2025-09-19
Workday, Inc.,2025-09-19
Workday, Inc.,2025-09-19
Workday, Inc.,2025-09-19
Workday, Inc.,2025-09-19
Workday, Inc.,2025-09-19
Workday, Inc.,2025-09-19
Workday, Inc.,2025-09-19
Workday, Inc.,2025-09-19
Workday, Inc.,2025-09-19
Workday, Inc.,2025-09-19
Workday, Inc.,2025-09-19
Workday, Inc.,2025-09-19
Workday, Inc.,2025-09-19
Workday, Inc.,2025-09-19
Workday, Inc.,2025-09-19
Workday, Inc.,2025-09-19
Workday, Inc.,2025-09-19
Workday, Inc.,2025-09-20
Workday, Inc.,2025-09-20
Workday, Inc.,2025-09-20
Workday, Inc.,2025-09-20
Workday, Inc.,2025-09-20
Workday, Inc.,2025-09-20
Workday, Inc.,2025-09-20
Workday, Inc.,2025-09-20
Workday, Inc.,2025-09-20
Workday, Inc.,2025-09-20
Workday, Inc.,2025-09-20
Workday, Inc.,2025-09-20
Workday, Inc.,2025-09-20
Workday, Inc.,2025-09-20
Workday, Inc.,2025-09-20
Workday, Inc.,2025-09-20
Workday, Inc.,2025-09-20
Workday, Inc.,2025-09-20
Workday, Inc.,2025-09-20
Workday, Inc.,2025-09-20
Workday, Inc.,2025-09-20
Workday, Inc.,2025-09-20
Workday, Inc.,2025-09-20
Workday, Inc.,2025-09-21
Workday, Inc.,2025-09-21
Workday, Inc.,2025-09-21
Workday, Inc.,2025-09-21
Workday, Inc.,2025-09-21
Workday, Inc.,2025-09-21
Workday, Inc.,2025-09-21
Workday, Inc.,2025-09-21
Workday, Inc.,2025-09-21
Workday, Inc.,2025-09-21
Workday, Inc.,2025-09-21
Workday, Inc.,2025-09-21
Workday, Inc.,2025-09-21
Workday, Inc.,2025-09-21
Workday, Inc.,2025-09-21
Workday, Inc.,2025-09-21
Workday, Inc.,2025-09-21
Workday, Inc.,2025-09-21
Workday, Inc.,2025-09-21
Workday, Inc.,2025-09-21
Workday, Inc.,2025-09-21
Workday, Inc.,2025-09-21
Workday, Inc.,2025-09-22
Workday, Inc.,2025-09-22
Workday, Inc.,2025-09-22
Workday, Inc.,2025-09-22
Workday, Inc.,2025-09-22
Workday, Inc.,2025-09-22
Workday, Inc.,2025-09-22
Workday, Inc.,2025-09-22
Workday, Inc.,2025-09-22
Workday, Inc.,2025-09-22
Workday, Inc.,2025-09-22
Workday, Inc.,2025-09-22
Workday, Inc.,2025-09-22
Workday, Inc.,2025-09-22
Workday, Inc.,2025-09-22
Workday, Inc.,2025-09-22
Workday, Inc.,2025-09-22
Workday, Inc.,2025-09-22
Workday, Inc.,2025-09-22
Workday, Inc.,2025-09-22
Workday, Inc.,2025-09-22
Workday, Inc.,2025-09-22
Workday, Inc.,2025-09-23
Workday, Inc.,2025-09-23
Workday, Inc.,2025-09-23
Workday, Inc.,2025-09-23
Workday, Inc.,2025-09-23
Workday, Inc.,2025-09-23
Workday, Inc.,2025-09-23
Workday, Inc.,2025-09-23
Workday, Inc.,2025-09-23
Workday, Inc.,2025-09-23
Workday, Inc.,2025-09-23
Workday, Inc.,2025-09-23
Workday, Inc.,2025-09-23
Workday, Inc.,2025-09-23
Workday, Inc.,2025-09-23
Workday, Inc.,2025-09-23
Workday, Inc.,2025-09-23
Workday, Inc.,2025-09-23
Workday, Inc.,2025-09-23
Workday, Inc.,2025-09-23
Workday, Inc.,2025-09-23
Workday, Inc.,2025-09-23
Workday, Inc.,2025-09-24
Workday, Inc.,2025-09-24
Workday, Inc.,2025-09-24
Workday, Inc.,2025-09-24
Workday, Inc.,2025-09-24
Workday, Inc.,2025-09-24
Workday, Inc.,2025-09-24
Workday, Inc.,2025-09-24
Workday, Inc.,2025-09-24
Workday, Inc.,2025-09-24
Workday, Inc.,2025-09-24
Workday, Inc.,2025-09-24
Workday, Inc.,2025-09-24
Workday, Inc.,2025-09-24
Workday, Inc.,2025-09-24
Workday, Inc.,2025-09-24
Workday, Inc.,2025-09-24
Workday, Inc.,2025-09-24
Workday, Inc.,2025-09-24
Workday, Inc.,2025-09-24
Workday, Inc.,2025-09-24
Workday, Inc.,2025-09-24
Workday, Inc.,2025-09-24
Workday, Inc.,2025-09-25
Workday, Inc.,2025-09-25
Workday, Inc.,2025-09-25
Workday, Inc.,2025-09-25
Workday, Inc.,2025-09-25
Workday, Inc.,2025-09-25
Workday, Inc.,2025-09-25
Workday, Inc.,2025-09-25
Workday, Inc.,2025-09-25
Workday, Inc.,2025-09-25
Workday, Inc.,2025-09-25
Workday, Inc.,2025-09-25
Workday, Inc.,2025-09-25
Workday, Inc.,2025-09-25
Workday, Inc.,2025-09-25
Workday, Inc.,2025-09-25
Workday, Inc.,2025-09-25
Workday, Inc.,2025-09-25
Workday, Inc.,2025-09-25
Workday, Inc.,2025-09-25
Workday, Inc.,2025-09-25
Workday, Inc.,2025-09-25
Workday, Inc.,2025-09-25
Workday, Inc.,2025-09-26
Workday, Inc.,2025-09-26
Workday, Inc.,2025-09-26
Workday, Inc.,2025-09-26
Workday, Inc.,2025-09-26
Workday, Inc.,2025-09-26
Workday, Inc.,2025-09-26
Workday, Inc.,2025-09-26
Workday, Inc.,2025-09-26
Workday, Inc.,2025-09-26
Workday, Inc.,2025-09-26
Workday, Inc.,2025-09-26
Workday, Inc.,2025-09-26
Workday, Inc.,2025-09-26
Workday, Inc.,2025-09-26
Workday, Inc.,2025-09-26
Workday, Inc.,2025-09-26
Workday, Inc.,2025-09-26
Workday, Inc.,2025-09-26
Workday, Inc.,2025-09-26
Workday, Inc.,2025-09-26
Workday, Inc.,2025-09-26
Workday, Inc.,2025-09-26
Workday, Inc.,2025-09-27
Workday, Inc.,2025-09-27
Workday, Inc.,2025-09-27
Workday, Inc.,2025-09-27
Workday, Inc.,2025-09-27
Workday, Inc.,2025-09-27
Workday, Inc.,2025-09-27
Workday, Inc.,2025-09-27
Workday, Inc.,2025-09-27
Workday, Inc.,2025-09-27
Workday, Inc.,2025-09-27
Workday, Inc.,2025-09-27
Workday, Inc.,2025-09-27
Workday, Inc.,2025-09-27
Workday, Inc.,2025-09-27
Workday, Inc.,2025-09-27
Workday, Inc.,2025-09-27
Workday, Inc.,2025-09-27
Workday, Inc.,2025-09-27
Workday, Inc.,2025-09-27
Workday, Inc.,2025-09-27
Workday, Inc.,2025-09-27
Workday, Inc.,2025-09-27
Workday, Inc.,2025-09-28
Workday, Inc.,2025-09-28
Workday, Inc.,2025-09-28
Workday, Inc.,2025-09-28
Workday, Inc.,2025-09-28
Workday, Inc.,2025-09-28
Workday, Inc.,2025-09-28
Workday, Inc.,2025-09-28
Workday, Inc.,2025-09-28
Workday, Inc.,2025-09-28
Workday, Inc.,2025-09-28
Workday, Inc.,2025-09-28
Workday, Inc.,2025-09-28
Workday, Inc.,2025-09-28
Workday, Inc.,2025-09-28
Workday, Inc.,2025-09-28
Workday, Inc.,2025-09-28
Workday, Inc.,2025-09-28
Workday, Inc.,2025-09-28
Workday, Inc.,2025-09-28
Workday, Inc.,2025-09-28
Workday, Inc.,2025-09-28
Workday, Inc.,2025-09-29
Workday, Inc.,2025-09-29
Workday, Inc.,2025-09-29
Workday, Inc.,2025-09-29
Workday, Inc.,2025-09-29
Workday, Inc.,2025-09-29
Workday, Inc.,2025-09-29
Workday, Inc.,2025-09-29
Workday, Inc.,2025-09-29
Workday, Inc.,2025-09-29
Workday, Inc.,2025-09-29
Workday, Inc.,2025-09-29
Workday, Inc.,2025-09-29
Workday, Inc.,2025-09-29
Workday, Inc.,2025-09-29
Workday, Inc.,2025-09-29
Workday, Inc.,2025-09-29
Workday, Inc.,2025-09-29
Workday, Inc.,2025-09-29
Workday, Inc.,2025-09-29
Workday, Inc.,2025-09-29
Workday, Inc.,2025-09-29
Workday, Inc.,2025-09-30
Workday, Inc.,2025-09-30
Workday, Inc.,2025-09-30
Workday, Inc.,2025-09-30
Workday, Inc.,2025-09-30
Workday, Inc.,2025-09-30
Workday, Inc.,2025-09-30
Workday, Inc.,2025-09-30
Workday, Inc.,2025-09-30
Workday, Inc.,2025-09-30
Workday, Inc.,2025-09-30
Workday, Inc.,2025-09-30
Workday, Inc.,2025-09-30
Workday, Inc.,2025-09-30
Workday, Inc.,2025-09-30
Workday, Inc.,2025-09-30
Workday, Inc.,2025-09-30
Workday, Inc.,2025-09-30
Workday, Inc.,2025-09-30
Workday, Inc.,2025-09-30
Workday, Inc.,2025-09-30
Workday, Inc.,2025-09-30
Workday, Inc.,2025-09-30
Workday, Inc.,2025-10-01
Workday, Inc.,2025-10-01
Workday, Inc.,2025-10-01
Workday, Inc.,2025-10-01
Workday, Inc.,2025-10-01
Workday, Inc.,2025-10-01
Workday, Inc.,2025-10-01
Workday, Inc.,2025-10-01
Workday, Inc.,2025-10-01
Workday, Inc.,2025-10-01
Workday, Inc.,2025-10-01
Workday, Inc.,2025-10-01
Workday, Inc.,2025-10-01
Workday, Inc.,2025-10-01
Workday, Inc.,2025-10-01
Workday, Inc.,2025-10-01
Workday, Inc.,2025-10-01
Workday, Inc.,2025-10-01
Workday, Inc.,2025-10-01
Workday, Inc.,2025-10-01
Workday, Inc.,2025-10-01
Workday, Inc.,2025-10-01
Workday, Inc.,2025-10-02
Workday, Inc.,2025-10-02
Workday, Inc.,2025-10-02
Workday, Inc.,2025-10-02
Workday, Inc.,2025-10-02
Workday, Inc.,2025-10-02
Workday, Inc.,2025-10-02
Workday, Inc.,2025-10-02
Workday, Inc.,2025-10-02
Workday, Inc.,2025-10-02
Workday, Inc.,2025-10-02
Workday, Inc.,2025-10-02
Workday, Inc.,2025-10-02
Workday, Inc.,2025-10-02
Workday, Inc.,2025-10-02
Workday, Inc.,2025-10-02
Workday, Inc.,2025-10-02
Workday, Inc.,2025-10-02
Workday, Inc.,2025-10-02
Workday, Inc.,2025-10-02
Workday, Inc.,2025-10-02
Workday, Inc.,2025-10-02
Workday, Inc.,2025-10-02
Workday, Inc.,2025-10-03
Workday, Inc.,2025-10-03
Workday, Inc.,2025-10-03
Workday, Inc.,2025-10-03
Workday, Inc.,2025-10-03
Workday, Inc.,2025-10-03
Workday, Inc.,2025-10-03
Workday, Inc.,2025-10-03
Workday, Inc.,2025-10-03
Workday, Inc.,2025-10-03
Workday, Inc.,2025-10-03
Workday, Inc.,2025-10-03
Workday, Inc.,2025-10-03
Workday, Inc.,2025-10-03
Workday, Inc.,2025-10-03
Workday, Inc.,2025-10-03
Workday, Inc.,2025-10-03
Workday, Inc.,2025-10-03
Workday, Inc.,2025-10-03
Workday, Inc.,2025-10-03
Workday, Inc.,2025-10-03
Workday, Inc.,2025-10-03
Workday, Inc.,2025-10-03
Workday, Inc.,2025-10-04
Workday, Inc.,2025-10-04
Workday, Inc.,2025-10-04
Workday, Inc.,2025-10-04
Workday, Inc.,2025-10-04
Workday, Inc.,2025-10-04
Workday, Inc.,2025-10-04
Workday, Inc.,2025-10-04
Workday, Inc.,2025-10-04
Workday, Inc.,2025-10-04
Workday, Inc.,2025-10-04
Workday, Inc.,2025-10-04
Workday, Inc.,2025-10-04
Workday, Inc.,2025-10-04
Workday, Inc.,2025-10-04
Workday, Inc.,2025-10-04
Workday, Inc.,2025-10-04
Workday, Inc.,2025-10-04
Workday, Inc.,2025-10-04
Workday, Inc.,2025-10-04
Workday, Inc.,2025-10-04
Workday, Inc.,2025-10-04
Workday, Inc.,2025-10-04
Workday, Inc.,2025-10-05
Workday, Inc.,2025-10-05
Workday, Inc.,2025-10-05
Workday, Inc.,2025-10-05
Workday, Inc.,2025-10-05
Workday, Inc.,2025-10-05
Workday, Inc.,2025-10-05
Workday, Inc.,2025-10-05
Workday, Inc.,2025-10-05
Workday, Inc.,2025-10-05
Workday, Inc.,2025-10-05
Workday, Inc.,2025-10-05
Workday, Inc.,2025-10-05
Workday, Inc.,2025-10-05
Workday, Inc.,2025-10-05
Workday, Inc.,2025-10-05
Workday, Inc.,2025-10-05
Workday, Inc.,2025-10-05
Workday, Inc.,2025-10-05
Workday, Inc.,2025-10-05
Workday, Inc.,2025-10-05
Workday, Inc.,2025-10-05
Workday, Inc.,2025-10-06
Workday, Inc.,2025-10-06
Workday, Inc.,2025-10-06
Workday, Inc.,2025-10-06
Workday, Inc.,2025-10-06
Workday, Inc.,2025-10-06
Workday, Inc.,2025-10-06
Workday, Inc.,2025-10-06
Workday, Inc.,2025-10-06
Workday, Inc.,2025-10-06
Workday, Inc.,2025-10-06
Workday, Inc.,2025-10-06
Workday, Inc.,2025-10-06
Workday, Inc.,2025-10-06
Workday, Inc.,2025-10-06
Workday, Inc.,2025-10-06
Workday, Inc.,2025-10-06
Workday, Inc.,2025-10-06
Workday, Inc.,2025-10-06
Workday, Inc.,2025-10-06
Workday, Inc.,2025-10-06
Workday, Inc.,2025-10-06
Workday, Inc.,2025-10-06
Workday, Inc.,2025-10-07
Workday, Inc.,2025-10-07
Workday, Inc.,2025-10-07
Workday, Inc.,2025-10-07
Workday, Inc.,2025-10-07
Workday, Inc.,2025-10-07
Workday, Inc.,2025-10-07
Workday, Inc.,2025-10-07
Workday, Inc.,2025-10-07
Workday, Inc.,2025-10-07
Workday, Inc.,2025-10-07
Workday, Inc.,2025-10-07
Workday, Inc.,2025-10-07
Workday, Inc.,2025-10-07
Workday, Inc.,2025-10-07
Workday, Inc.,2025-10-07
Workday, Inc.,2025-10-07
Workday, Inc.,2025-10-07
Workday, Inc.,2025-10-07
Workday, Inc.,2025-10-07
Workday, Inc.,2025-10-07
Workday, Inc.,2025-10-07
Workday, Inc.,2025-10-07
Workday, Inc.,2025-10-08
Workday, Inc.,2025-10-08
Workday, Inc.,2025-10-08
Workday, Inc.,2025-10-08
Workday, Inc.,2025-10-08
Workday, Inc.,2025-10-08
Workday, Inc.,2025-10-08
Workday, Inc.,2025-10-08
Workday, Inc.,2025-10-08
Workday, Inc.,2025-10-08
Workday, Inc.,2025-10-08
Workday, Inc.,2025-10-08
Workday, Inc.,2025-10-08
Workday, Inc.,2025-10-08
Workday, Inc.,2025-10-08
Workday, Inc.,2025-10-08
Workday, Inc.,2025-10-08
Workday, Inc.,2025-10-08
Workday, Inc.,2025-10-08
Workday, Inc.,2025-10-08
Workday, Inc.,2025-10-08
Workday, Inc.,2025-10-08
Workday, Inc.,2025-10-08
Workday, Inc.,2025-10-09
Workday, Inc.,2025-10-09
Workday, Inc.,2025-10-09
Workday, Inc.,2025-10-09
Workday, Inc.,2025-10-09
Workday, Inc.,2025-10-09
Workday, Inc.,2025-10-09
Workday, Inc.,2025-10-09
Workday, Inc.,2025-10-09
Workday, Inc.,2025-10-09
Workday, Inc.,2025-10-09
Workday, Inc.,2025-10-09
Workday, Inc.,2025-10-09
Workday, Inc.,2025-10-09
Workday, Inc.,2025-10-09
Workday, Inc.,2025-10-09
Workday, Inc.,2025-10-09
Workday, Inc.,2025-10-09
Workday, Inc.,2025-10-09
Workday, Inc.,2025-10-09
Workday, Inc.,2025-10-09
Workday, Inc.,2025-10-09
Workday, Inc.,2025-10-09
Workday, Inc.,2025-10-10
Workday, Inc.,2025-10-10
Workday, Inc.,2025-10-10
Workday, Inc.,2025-10-10
Workday, Inc.,2025-10-10
Workday, Inc.,2025-10-10
Workday, Inc.,2025-10-10
Workday, Inc.,2025-10-10
Workday, Inc.,2025-10-10
Workday, Inc.,2025-10-10
Workday, Inc.,2025-10-10
Workday, Inc.,2025-10-10
Workday, Inc.,2025-10-10
Workday, Inc.,2025-10-10
Workday, Inc.,2025-10-10
Workday, Inc.,2025-10-10
Workday, Inc.,2025-10-10
Workday, Inc.,2025-10-10
Workday, Inc.,2025-10-10
Workday, Inc.,2025-10-10
Workday, Inc.,2025-10-10
Workday, Inc.,2025-10-10
Workday, Inc.,2025-10-10
Workday, Inc.,2025-10-11
Workday, Inc.,2025-10-11
Workday, Inc.,2025-10-11
Workday, Inc.,2025-10-11
Workday, Inc.,2025-10-11
Workday, Inc.,2025-10-11
Workday, Inc.,2025-10-11
Workday, Inc.,2025-10-11
Workday, Inc.,2025-10-11
Workday, Inc.,2025-10-11
Workday, Inc.,2025-10-11
Workday, Inc.,2025-10-11
Workday, Inc.,2025-10-11
Workday, Inc.,2025-10-11
Workday, Inc.,2025-10-11
Workday, Inc.,2025-10-11
Workday, Inc.,2025-10-11
Workday, Inc.,2025-10-11
Workday, Inc.,2025-10-11
Workday, Inc.,2025-10-11
Workday, Inc.,2025-10-11
Workday, Inc.,2025-10-11
Workday, Inc.,2025-10-11
Workday, Inc.,2025-10-12
Workday, Inc.,2025-10-12
Workday, Inc.,2025-10-12
Workday, Inc.,2025-10-12
Workday, Inc.,2025-10-12
Workday, Inc.,2025-10-12
Workday, Inc.,2025-10-12
Workday, Inc.,2025-10-12
Workday, Inc.,2025-10-12
Workday, Inc.,2025-10-12
Workday, Inc.,2025-10-12
Workday, Inc.,2025-10-12
Workday, Inc.,2025-10-12
Workday, Inc.,2025-10-12
Workday, Inc.,2025-10-12
Workday, Inc.,2025-10-12
Workday, Inc.,2025-10-12
Workday, Inc.,2025-10-12
Workday, Inc.,2025-10-12
Workday, Inc.,2025-10-12
Workday, Inc.,2025-10-12
Workday, Inc.,2025-10-12
Workday, Inc.,2025-10-12
Workday, Inc.,2025-10-13
Workday, Inc.,2025-10-13
Workday, Inc.,2025-10-13
Workday, Inc.,2025-10-13
Workday, Inc.,2025-10-13
Workday, Inc.,2025-10-13
Workday, Inc.,2025-10-13
Workday, Inc.,2025-10-13
Workday, Inc.,2025-10-13
Workday, Inc.,2025-10-13
Workday, Inc.,2025-10-13
Workday, Inc.,2025-10-13
Workday, Inc.,2025-10-13
Workday, Inc.,2025-10-13
Workday, Inc.,2025-10-13
Workday, Inc.,2025-10-13
Workday, Inc.,2025-10-13
Workday, Inc.,2025-10-13
Workday, Inc.,2025-10-13
Workday, Inc.,2025-10-13
Workday, Inc.,2025-10-13
Workday, Inc.,2025-10-13
Workday, Inc.,2025-10-14
Workday, Inc.,2025-10-14
Workday, Inc.,2025-10-14
Workday, Inc.,2025-10-14
Workday, Inc.,2025-10-14
Workday, Inc.,2025-10-14
Workday, Inc.,2025-10-14
Workday, Inc.,2025-10-14
Workday, Inc.,2025-10-14
Workday, Inc.,2025-10-14
Workday, Inc.,2025-10-14
Workday, Inc.,2025-10-14
Workday, Inc.,2025-10-14
Workday, Inc.,2025-10-14
Workday, Inc.,2025-10-14
Workday, Inc.,2025-10-14
Workday, Inc.,2025-10-14
Workday, Inc.,2025-10-14
Workday, Inc.,2025-10-14
Workday, Inc.,2025-10-14
Workday, Inc.,2025-10-14
Workday, Inc.,2025-10-14
Workday, Inc.,2025-10-14
Workday, Inc.,2025-10-15
Workday, Inc.,2025-10-15
Workday, Inc.,2025-10-15
Workday, Inc.,2025-10-15
Workday, Inc.,2025-10-15
Workday, Inc.,2025-10-15
Workday, Inc.,2025-10-15
Workday, Inc.,2025-10-15
Workday, Inc.,2025-10-15
Workday, Inc.,2025-10-15
Workday, Inc.,2025-10-15
Workday, Inc.,2025-10-15
Workday, Inc.,2025-10-15
Workday, Inc.,2025-10-15
Workday, Inc.,2025-10-15
Workday, Inc.,2025-10-15
Workday, Inc.,2025-10-15
Workday, Inc.,2025-10-15
Workday, Inc.,2025-10-15
Workday, Inc.,2025-10-15
Workday, Inc.,2025-10-15
Workday, Inc.,2025-10-15
Workday, Inc.,2025-10-16
Workday, Inc.,2025-10-16
Workday, Inc.,2025-10-16
Workday, Inc.,2025-10-16
Workday, Inc.,2025-10-16
Workday, Inc.,2025-10-16
Workday, Inc.,2025-10-16
Workday, Inc.,2025-10-16
Workday, Inc.,2025-10-16
Workday, Inc.,2025-10-16
Workday, Inc.,2025-10-16
Workday, Inc.,2025-10-16
Workday, Inc.,2025-10-16
Workday, Inc.,2025-10-16
Workday, Inc.,2025-10-16
Workday, Inc.,2025-10-16
Workday, Inc.,2025-10-16
Workday, Inc.,2025-10-16
Workday, Inc.,2025-10-16
Workday, Inc.,2025-10-16
Workday, Inc.,2025-10-16
Workday, Inc.,2025-10-16
Workday, Inc.,2025-10-17
Workday, Inc.,2025-10-17
Workday, Inc.,2025-10-17
Workday, Inc.,2025-10-17
Workday, Inc.,2025-10-17
Workday, Inc.,2025-10-17
Workday, Inc.,2025-10-17
Workday, Inc.,2025-10-17
Workday, Inc.,2025-10-17
Workday, Inc.,2025-10-17
Workday, Inc.,2025-10-17
Workday, Inc.,2025-10-17
Workday, Inc.,2025-10-17
Workday, Inc.,2025-10-17
Workday, Inc.,2025-10-17
Workday, Inc.,2025-10-17
Workday, Inc.,2025-10-17
Workday, Inc.,2025-10-17
Workday, Inc.,2025-10-17
Workday, Inc.,2025-10-17
Workday, Inc.,2025-10-17
Workday, Inc.,2025-10-17
Workday, Inc.,2025-10-17
Workday, Inc.,2025-10-18
Workday, Inc.,2025-10-18
Workday, Inc.,2025-10-18
Workday, Inc.,2025-10-18
Workday, Inc.,2025-10-18
Workday, Inc.,2025-10-18
Workday, Inc.,2025-10-18
Workday, Inc.,2025-10-18
Workday, Inc.,2025-10-18
Workday, Inc.,2025-10-18
Workday, Inc.,2025-10-18
Workday, Inc.,2025-10-18
Workday, Inc.,2025-10-18
Workday, Inc.,2025-10-18
Workday, Inc.,2025-10-18
Workday, Inc.,2025-10-18
Workday, Inc.,2025-10-18
Workday, Inc.,2025-10-18
Workday, Inc.,2025-10-18
Workday, Inc.,2025-10-18
Workday, Inc.,2025-10-18
Workday, Inc.,2025-10-18
Workday, Inc.,2025-10-18
Workday, Inc.,2025-10-19
Workday, Inc.,2025-10-19
Workday, Inc.,2025-10-19
Workday, Inc.,2025-10-19
Workday, Inc.,2025-10-19
Workday, Inc.,2025-10-19
Workday, Inc.,2025-10-19
Workday, Inc.,2025-10-19
Workday, Inc.,2025-10-19
Workday, Inc.,2025-10-19
Workday, Inc.,2025-10-19
Workday, Inc.,2025-10-19
Workday, Inc.,2025-10-19
Workday, Inc.,2025-10-19
Workday, Inc.,2025-10-19
Workday, Inc.,2025-10-19
Workday, Inc.,2025-10-19
Workday, Inc.,2025-10-19
Workday, Inc.,2025-10-19
Workday, Inc.,2025-10-19
Workday, Inc.,2025-10-19
Workday, Inc.,2025-10-19
Workday, Inc.,2025-10-20
Workday, Inc.,2025-10-20
Workday, Inc.,2025-10-20
Workday, Inc.,2025-10-20
Workday, Inc.,2025-10-20
Workday, Inc.,2025-10-20
Workday, Inc.,2025-10-20
Workday, Inc.,2025-10-20
Workday, Inc.,2025-10-20
Workday, Inc.,2025-10-20
Workday, Inc.,2025-10-20
Workday, Inc.,2025-10-20
Workday, Inc.,2025-10-20
Workday, Inc.,2025-10-20
Workday, Inc.,2025-10-20
Workday, Inc.,2025-10-20
Workday, Inc.,2025-10-20
Workday, Inc.,2025-10-20
Workday, Inc.,2025-10-20
Workday, Inc.,2025-10-20
Workday, Inc.,2025-10-20
Workday, Inc.,2025-10-20
Workday, Inc.,2025-10-21
Workday, Inc.,2025-10-21
Workday, Inc.,2025-10-21
Workday, Inc.,2025-10-21
Workday, Inc.,2025-10-21
Workday, Inc.,2025-10-21
Workday, Inc.,2025-10-21
Workday, Inc.,2025-10-21
Workday, Inc.,2025-10-21
Workday, Inc.,2025-10-21
Workday, Inc.,2025-10-21
Workday, Inc.,2025-10-21
Workday, Inc.,2025-10-21
Workday, Inc.,2025-10-21
Workday, Inc.,2025-10-21
Workday, Inc.,2025-10-21
Workday, Inc.,2025-10-21
Workday, Inc.,2025-10-21
Workday, Inc.,2025-10-21
Workday, Inc.,2025-10-21
Workday, Inc.,2025-10-21
Workday, Inc.,2025-10-21
Workday, Inc.,2025-10-22
Workday, Inc.,2025-10-22
Workday, Inc.,2025-10-22
Workday, Inc.,2025-10-22
Workday, Inc.,2025-10-22
Workday, Inc.,2025-10-22
Workday, Inc.,2025-10-22
Workday, Inc.,2025-10-22
Workday, Inc.,2025-10-22
Workday, Inc.,2025-10-22
Workday, Inc.,2025-10-22
Workday, Inc.,2025-10-22
Workday, Inc.,2025-10-22
Workday, Inc.,2025-10-22
Workday, Inc.,2025-10-22
Workday, Inc.,2025-10-22
Workday, Inc.,2025-10-22
Workday, Inc.,2025-10-22
Workday, Inc.,2025-10-22
Workday, Inc.,2025-10-22
Workday, Inc.,2025-10-22
Workday, Inc.,2025-10-22
Workday, Inc.,2025-10-23
Workday, Inc.,2025-10-23
Workday, Inc.,2025-10-23
Workday, Inc.,2025-10-23
Workday, Inc.,2025-10-23
Workday, Inc.,2025-10-23
Workday, Inc.,2025-10-23
Workday, Inc.,2025-10-23
Workday, Inc.,2025-10-23
Workday, Inc.,2025-10-23
Workday, Inc.,2025-10-23
Workday, Inc.,2025-10-23
Workday, Inc.,2025-10-23
Workday, Inc.,2025-10-23
Workday, Inc.,2025-10-23
Workday, Inc.,2025-10-23
Workday, Inc.,2025-10-23
Workday, Inc.,2025-10-23
Workday, Inc.,2025-10-23
Workday, Inc.,2025-10-23
Workday, Inc.,2025-10-23
Workday, Inc.,2025-10-23
Workday, Inc.,2025-10-24
Workday, Inc.,2025-10-24
Workday, Inc.,2025-10-24
Workday, Inc.,2025-10-24
Workday, Inc.,2025-10-24
Workday, Inc.,2025-10-24
Workday, Inc.,2025-10-24
Workday, Inc.,2025-10-24
Workday, Inc.,2025-10-24
Workday, Inc.,2025-10-24
Workday, Inc.,2025-10-24
Workday, Inc.,2025-10-24
Workday, Inc.,2025-10-24
Workday, Inc.,2025-10-24
Workday, Inc.,2025-10-24
Workday, Inc.,2025-10-24
Workday, Inc.,2025-10-24
Workday, Inc.,2025-10-24
Workday, Inc.,2025-10-24
Workday, Inc.,2025-10-24
Workday, Inc.,2025-10-24
Workday, Inc.,2025-10-24
Workday, Inc.,2025-10-24
Workday, Inc.,2025-10-25
Workday, Inc.,2025-10-25
Workday, Inc.,2025-10-25
Workday, Inc.,2025-10-25
Workday, Inc.,2025-10-25
Workday, Inc.,2025-10-25
Workday, Inc.,2025-10-25
Workday, Inc.,2025-10-25
Workday, Inc.,2025-10-25
Workday, Inc.,2025-10-25
Workday, Inc.,2025-10-25
Workday, Inc.,2025-10-25
Workday, Inc.,2025-10-25
Workday, Inc.,2025-10-25
Workday, Inc.,2025-10-25
Workday, Inc.,2025-10-25
Workday, Inc.,2025-10-25
Workday, Inc.,2025-10-25
Workday, Inc.,2025-10-25
Workday, Inc.,2025-10-25
Workday, Inc.,2025-10-25
Workday, Inc.,2025-10-25
Workday, Inc.,2025-10-25
Workday, Inc.,2025-10-26
Workday, Inc.,2025-10-26
Workday, Inc.,2025-10-26
Workday, Inc.,2025-10-26
Workday, Inc.,2025-10-26
Workday, Inc.,2025-10-26
Workday, Inc.,2025-10-26
Workday, Inc.,2025-10-26
Workday, Inc.,2025-10-26
Workday, Inc.,2025-10-26
Workday, Inc.,2025-10-26
Workday, Inc.,2025-10-26
Workday, Inc.,2025-10-26
Workday, Inc.,2025-10-26
Workday, Inc.,2025-10-26
Workday, Inc.,2025-10-26
Workday, Inc.,2025-10-26
Workday, Inc.,2025-10-26
Workday, Inc.,2025-10-26
Workday, Inc.,2025-10-26
Workday, Inc.,2025-10-26
Workday, Inc.,2025-10-26
Workday, Inc.,2025-10-27
Workday, Inc.,2025-10-27
Workday, Inc.,2025-10-27
Workday, Inc.,2025-10-27
Workday, Inc.,2025-10-27
Workday, Inc.,2025-10-27
Workday, Inc.,2025-10-27
Workday, Inc.,2025-10-27
Workday, Inc.,2025-10-27
Workday, Inc.,2025-10-27
Workday, Inc.,2025-10-27
Workday, Inc.,2025-10-27
Workday, Inc.,2025-10-27
Workday, Inc.,2025-10-27
Workday, Inc.,2025-10-27
Workday, Inc.,2025-10-27
Workday, Inc.,2025-10-27
Workday, Inc.,2025-10-27
Workday, Inc.,2025-10-27
Workday, Inc.,2025-10-27
Workday, Inc.,2025-10-27
Workday, Inc.,2025-10-27
Workday, Inc.,2025-10-28
Workday, Inc.,2025-10-28
Workday, Inc.,2025-10-28
Workday, Inc.,2025-10-28
Workday, Inc.,2025-10-28
Workday, Inc.,2025-10-28
Workday, Inc.,2025-10-28
Workday, Inc.,2025-10-28
Workday, Inc.,2025-10-28
Workday, Inc.,2025-10-28
Workday, Inc.,2025-10-28
Workday, Inc.,2025-10-28
Workday, Inc.,2025-10-28
Workday, Inc.,2025-10-28
Workday, Inc.,2025-10-28
Workday, Inc.,2025-10-28
Workday, Inc.,2025-10-28
Workday, Inc.,2025-10-28
Workday, Inc.,2025-10-28
Workday, Inc.,2025-10-28
Workday, Inc.,2025-10-28
Workday, Inc.,2025-10-28
Workday, Inc.,2025-10-29
Workday, Inc.,2025-10-29
Workday, Inc.,2025-10-29
Workday, Inc.,2025-10-29
Workday, Inc.,2025-10-29
Workday, Inc.,2025-10-29
Workday, Inc.,2025-10-29
Workday, Inc.,2025-10-29
Workday, Inc.,2025-10-29
Workday, Inc.,2025-10-29
Workday, Inc.,2025-10-29
Workday, Inc.,2025-10-29
Workday, Inc.,2025-10-29
Workday, Inc.,2025-10-29
Workday, Inc.,2025-10-29
Workday, Inc.,2025-10-29
Workday, Inc.,2025-10-29
Workday, Inc.,2025-10-29
Workday, Inc.,2025-10-29
Workday, Inc.,2025-10-29
Workday, Inc.,2025-10-29
Workday, Inc.,2025-10-29
Workday, Inc.,2025-10-30
Workday, Inc.,2025-10-30
Workday, Inc.,2025-10-30
Workday, Inc.,2025-10-30
Workday, Inc.,2025-10-30
Workday, Inc.,2025-10-30
Workday, Inc.,2025-10-30
Workday, Inc.,2025-10-30
Workday, Inc.,2025-10-30
Workday, Inc.,2025-10-30
Workday, Inc.,2025-10-30
Workday, Inc.,2025-10-30
Workday, Inc.,2025-10-30
Workday, Inc.,2025-10-30
Workday, Inc.,2025-10-30
Workday, Inc.,2025-10-30
Workday, Inc.,2025-10-30
Workday, Inc.,2025-10-30
Workday, Inc.,2025-10-30
Workday, Inc.,2025-10-30
Workday, Inc.,2025-10-30
Workday, Inc.,2025-10-30
Workday, Inc.,2025-10-31
Workday, Inc.,2025-10-31
Workday, Inc.,2025-10-31
Workday, Inc.,2025-10-31
Workday, Inc.,2025-10-31
Workday, Inc.,2025-10-31
Workday, Inc.,2025-10-31
Workday, Inc.,2025-10-31
Workday, Inc.,2025-10-31
Workday, Inc.,2025-10-31
Workday, Inc.,2025-10-31
Workday, Inc.,2025-10-31
Workday, Inc.,2025-10-31
Workday, Inc.,2025-10-31
Workday, Inc.,2025-10-31
Workday, Inc.,2025-10-31
Workday, Inc.,2025-10-31
Workday, Inc.,2025-10-31
Workday, Inc.,2025-10-31
Workday, Inc.,2025-10-31
Workday, Inc.,2025-10-31
Workday, Inc.,2025-10-31
Workday, Inc.,2025-11-01
Workday, Inc.,2025-11-01
Workday, Inc.,2025-11-01
Workday, Inc.,2025-11-01
Workday, Inc.,2025-11-01
Workday, Inc.,2025-11-01
Workday, Inc.,2025-11-01
Workday, Inc.,2025-11-01
Workday, Inc.,2025-11-01
Workday, Inc.,2025-11-01
Workday, Inc.,2025-11-01
Workday, Inc.,2025-11-01
Workday, Inc.,2025-11-01
Workday, Inc.,2025-11-01
Workday, Inc.,2025-11-01
Workday, Inc.,2025-11-01
Workday, Inc.,2025-11-01
Workday, Inc.,2025-11-01
Workday, Inc.,2025-11-01
Workday, Inc.,2025-11-01
Workday, Inc.,2025-11-01
Workday, Inc.,2025-11-01
Workday, Inc.,2025-11-02
Workday, Inc.,2025-11-02
Workday, Inc.,2025-11-02
Workday, Inc.,2025-11-02
Workday, Inc.,2025-11-02
Workday, Inc.,2025-11-02
Workday, Inc.,2025-11-02
Workday, Inc.,2025-11-02
Workday, Inc.,2025-11-02
Workday, Inc.,2025-11-02
Workday, Inc.,2025-11-02
Workday, Inc.,2025-11-02
Workday, Inc.,2025-11-02
Workday, Inc.,2025-11-02
Workday, Inc.,2025-11-02
Workday, Inc.,2025-11-02
Workday, Inc.,2025-11-02
Workday, Inc.,2025-11-02
Workday, Inc.,2025-11-02
Workday, Inc.,2025-11-02
Workday, Inc.,2025-11-02
Workday, Inc.,2025-11-02
Workday, Inc.,2025-11-03
Workday, Inc.,2025-11-03
Workday, Inc.,2025-11-03
Workday, Inc.,2025-11-03
Workday, Inc.,2025-11-03
Workday, Inc.,2025-11-03
Workday, Inc.,2025-11-03
Workday, Inc.,2025-11-03
Workday, Inc.,2025-11-03
Workday, Inc.,2025-11-03
Workday, Inc.,2025-11-03
Workday, Inc.,2025-11-03
Workday, Inc.,2025-11-03
Workday, Inc.,2025-11-03
Workday, Inc.,2025-11-03
Workday, Inc.,2025-11-03
Workday, Inc.,2025-11-03
Workday, Inc.,2025-11-03
Workday, Inc.,2025-11-03
Workday, Inc.,2025-11-03
Workday, Inc.,2025-11-03
Workday, Inc.,2025-11-03
Workday, Inc.,2025-11-04
Workday, Inc.,2025-11-04
Workday, Inc.,2025-11-04
Workday, Inc.,2025-11-04
Workday, Inc.,2025-11-04
Workday, Inc.,2025-11-04
Workday, Inc.,2025-11-04
Workday, Inc.,2025-11-04
Workday, Inc.,2025-11-04
Workday, Inc.,2025-11-04
Workday, Inc.,2025-11-04
Workday, Inc.,2025-11-04
Workday, Inc.,2025-11-04
Workday, Inc.,2025-11-04
Workday, Inc.,2025-11-04
Workday, Inc.,2025-11-04
Workday, Inc.,2025-11-04
Workday, Inc.,2025-11-04
Workday, Inc.,2025-11-04
Workday, Inc.,2025-11-04
Workday, Inc.,2025-11-04
Workday, Inc.,2025-11-04
Workday, Inc.,2025-11-05
Workday, Inc.,2025-11-05
Workday, Inc.,2025-11-05
Workday, Inc.,2025-11-05
Workday, Inc.,2025-11-05
Workday, Inc.,2025-11-05
Workday, Inc.,2025-11-05
Workday, Inc.,2025-11-05
Workday, Inc.,2025-11-05
Workday, Inc.,2025-11-05
Workday, Inc.,2025-11-05
Workday, Inc.,2025-11-05
Workday, Inc.,2025-11-05
Workday, Inc.,2025-11-05
Workday, Inc.,2025-11-05
Workday, Inc.,2025-11-05
Workday, Inc.,2025-11-05
Workday, Inc.,2025-11-05
Workday, Inc.,2025-11-05
Workday, Inc.,2025-11-05
Workday, Inc.,2025-11-05
Workday, Inc.,2025-11-05
Workday, Inc.,2025-11-06
Workday, Inc.,2025-11-06
Workday, Inc.,2025-11-06
Workday, Inc.,2025-11-06
Workday, Inc.,2025-11-06
Workday, Inc.,2025-11-06
Workday, Inc.,2025-11-06
Workday, Inc.,2025-11-06
Workday, Inc.,2025-11-06
Workday, Inc.,2025-11-06
Workday, Inc.,2025-11-06
Workday, Inc.,2025-11-06
Workday, Inc.,2025-11-06
Workday, Inc.,2025-11-06
Workday, Inc.,2025-11-06
Workday, Inc.,2025-11-06
Workday, Inc.,2025-11-06
Workday, Inc.,2025-11-06
Workday, Inc.,2025-11-06
Workday, Inc.,2025-11-06
Workday, Inc.,2025-11-06
Workday, Inc.,2025-11-06
Workday, Inc.,2025-11-07
Workday, Inc.,2025-11-07
Workday, Inc.,2025-11-07
Workday, Inc.,2025-11-07
Workday, Inc.,2025-11-07
Workday, Inc.,2025-11-07
Workday, Inc.,2025-11-07
Workday, Inc.,2025-11-07
Workday, Inc.,2025-11-07
Workday, Inc.,2025-11-07
Workday, Inc.,2025-11-07
Workday, Inc.,2025-11-07
Workday, Inc.,2025-11-07
Workday, Inc.,2025-11-07
Workday, Inc.,2025-11-07
Workday, Inc.,2025-11-07
Workday, Inc.,2025-11-07
Workday, Inc.,2025-11-07
Workday, Inc.,2025-11-07
Workday, Inc.,2025-11-07
Workday, Inc.,2025-11-07
Workday, Inc.,2025-11-07
Workday, Inc.,2025-11-08
Workday, Inc.,2025-11-08
Workday, Inc.,2025-11-08
Workday, Inc.,2025-11-08
Workday, Inc.,2025-11-08
Workday, Inc.,2025-11-08
Workday, Inc.,2025-11-08
Workday, Inc.,2025-11-08
Workday, Inc.,2025-11-08
Workday, Inc.,2025-11-08
Workday, Inc.,2025-11-08
Workday, Inc.,2025-11-08
Workday, Inc.,2025-11-08
Workday, Inc.,2025-11-08
Workday, Inc.,2025-11-08
Workday, Inc.,2025-11-08
Workday, Inc.,2025-11-08
Workday, Inc.,2025-11-08
Workday, Inc.,2025-11-08
Workday, Inc.,2025-11-08
Workday, Inc.,2025-11-08
Workday, Inc.,2025-11-08
Workday, Inc.,2025-11-08
Workday, Inc.,2025-11-09
Workday, Inc.,2025-11-09
Workday, Inc.,2025-11-09
Workday, Inc.,2025-11-09
Workday, Inc.,2025-11-09
Workday, Inc.,2025-11-09
Workday, Inc.,2025-11-09
Workday, Inc.,2025-11-09
Workday, Inc.,2025-11-09
Workday, Inc.,2025-11-09
Workday, Inc.,2025-11-09
Workday, Inc.,2025-11-09
Workday, Inc.,2025-11-09
Workday, Inc.,2025-11-09
Workday, Inc.,2025-11-09
Workday, Inc.,2025-11-09
Workday, Inc.,2025-11-09
Workday, Inc.,2025-11-09
Workday, Inc.,2025-11-09
Workday, Inc.,2025-11-09
Workday, Inc.,2025-11-09
Workday, Inc.,2025-11-09
Workday, Inc.,2025-11-10
Workday, Inc.,2025-11-10
Workday, Inc.,2025-11-10
Workday, Inc.,2025-11-10
Workday, Inc.,2025-11-10
Workday, Inc.,2025-11-10
Workday, Inc.,2025-11-10
Workday, Inc.,2025-11-10
Workday, Inc.,2025-11-10
Workday, Inc.,2025-11-10
Workday, Inc.,2025-11-10
Workday, Inc.,2025-11-10
Workday, Inc.,2025-11-10
Workday, Inc.,2025-11-10
Workday, Inc.,2025-11-10
Workday, Inc.,2025-11-10
Workday, Inc.,2025-11-10
Workday, Inc.,2025-11-10
Workday, Inc.,2025-11-10
Workday, Inc.,2025-11-10
Workday, Inc.,2025-11-10
Workday, Inc.,2025-11-10
Workday, Inc.,2025-11-11
Workday, Inc.,2025-11-11
Workday, Inc.,2025-11-11
Workday, Inc.,2025-11-11
